Workbook

Sheet Config
A1: Idioma / Language | C1: =CHOOSE(MATCH(Config!$B$2,{"PT";"EN"},0),"Textos da lista «Status» (mudam com B2)","«Status» dropdown labels (follow B2)") | D1: =IF(Config!$B$2="PT","Sim","Yes") | F1: =CHOOSE(MATCH(Config!$B$2,{"PT";"EN"},0),"Valores para B2","Values for B2") | G1: PT
A2: =CHOOSE(MATCH(Config!$B$2,{"PT";"EN"},0),"Interface (atalhos, ajuda, rótulos dinâmicos)","Interface (help, shortcuts, dynamic labels)") | B2: PT | D2: =IF(Config!$B$2="PT","Não","No") | G2: EN
D3: =IF(Config!$B$2="PT","Falta trocar","Need swap")
C4: =CHOOSE(MATCH(Config!$B$2,{"PT";"EN"},0),"Estas células alimentam as listas pendentes da coluna Status nas folhas de cromos.","These cells feed the Status dropdown lists on sticker sheets.")
A7: =CHOOSE(MATCH(Config!$B$2,{"PT";"EN"},0),"▼ ONDE PREENCHER","▼ WHERE TO ENTER DATA")
A8: =CHOOSE(MATCH(Config!$B$2,{"PT";"EN"},0),"Passo 1 — Só precisa de preencher a coluna «Status» e (opcional) «Dup» nas folhas de figurinhas; o resto é fixo.","Step 1 — Only fill «Status» and optionally «Dup» on sticker sheets; other columns are fixed.")
A9: =CHOOSE(MATCH(Config!$B$2,{"PT";"EN"},0),"Passo 2 — Clique na célula «Status» e escolha na lista (os textos vêm de D1:D3 conforme PT ou EN em B2).","Step 2 — Click «Status» and pick from the list (labels follow D1:D3 based on PT or EN in B2).")
A10: =CHOOSE(MATCH(Config!$B$2,{"PT";"EN"},0),"Passo 3 — «Dup» = quantas repetidas tens dessa cromo (número). Deixe 0 se não tiver duplicada.","Step 3 — «Dup» = how many duplicates of that sticker (number). Use 0 if none.")
A11: =CHOOSE(MATCH(Config!$B$2,{"PT";"EN"},0),"• Página Inicial — coluna E (Status) · Museu FIFA — coluna E · Coca-Cola — coluna E · Extras — coluna E","• Intro — column E (Status) · FIFA Museum — column E · Coca-Cola — column E · Extras — column E")
A12: =CHOOSE(MATCH(Config!$B$2,{"PT";"EN"},0),"• Seleções — coluna H · Todas (980) — coluna H","• Teams — column H · Master 980 — column H")
A13: =CHOOSE(MATCH(Config!$B$2,{"PT";"EN"},0),"• Pacotes — folha «Pacotes» (datas / quantidade). · Siglas / Grupos — só consulta (sem Status).","• Packs — «Pacotes» sheet (dates / counts). · Codes / Groups — read-only (no Status).")
A14: =CHOOSE(MATCH(Config!$B$2,{"PT";"EN"},0),"Nota: se mudares PT↔EN, o Excel não traduz o que já escreveste em «Status»; podes voltar a escolher na lista.","Note: switching PT↔EN does not translate existing «Status» cells; re-pick from the list if you want.")

Sheet Guia
A3: =CHOOSE(MATCH(Config!$B$2,{"PT";"EN"},0),"Panini · FIFA World Cup 2026","Panini · FIFA World Cup 2026")
A8: =CHOOSE(MATCH(Config!$B$2,{"PT";"EN"},0),"Comece pela folha «Config»: em B2 escolha PT ou EN (lista definida em G1:G2). Depois preencha só a coluna «Status» nas folhas de cromos — ver passos abaixo.","Start on «Config»: pick PT or EN in B2 (see G1:G2). Then fill only the «Status» column on sticker sheets — see steps below.")
A12: =CHOOSE(MATCH(Config!$B$2,{"PT";"EN"},0),"① «Config» · B2 = idioma da interface. D1:D3 mostram os três estados da lista «Status» (Sim/Não/Falta trocar ou Yes/No/Need swap).","① «Config» · B2 = UI language. D1:D3 show the three «Status» states for dropdowns.")
A13: =CHOOSE(MATCH(Config!$B$2,{"PT";"EN"},0),"② O que editar: em cada folha de figurinhas use só «Status» e, se quiser, «Dup» (repetidas). Não altere código nem descrição.","② What to edit: on each sticker sheet use only «Status» and optionally «Dup» (duplicates). Do not change codes or descriptions.")
A14: =CHOOSE(MATCH(Config!$B$2,{"PT";"EN"},0),"③ Onde está «Status»: Página Inicial → coluna E · Seleções → H · Museu FIFA → E · Coca-Cola → E · Extras → E · Todas (980) → H.","③ Where «Status» lives: Intro → column E · Teams → H · Museum → E · Coca-Cola → E · Extras → E · Master 980 → H.")
A15: =CHOOSE(MATCH(Config!$B$2,{"PT";"EN"},0),"④ Pacotes anotados na folha «Pacotes». Siglas e Grupos são só referência. Dashboard e totais são automáticos.","④ Log packs on «Pacotes». Codes & Groups are reference only. Dashboard and totals are automatic.")
A17: =CHOOSE(MATCH(Config!$B$2,{"PT";"EN"},0),"Mapa do livro","Book map")
A19: =CHOOSE(MATCH(Config!$B$2,{"PT";"EN"},0),"Secção","Section") | B19: =CHOOSE(MATCH(Config!$B$2,{"PT";"EN"},0),"Atalho","Jump")
A20: Dashboard | B20: =HYPERLINK("#'Dashboard'!A1",CHOOSE(MATCH(Config!$B$2,{"PT";"EN"},0),"► Painel","► Overview"))
A21: Página Inicial | B21: =HYPERLINK("#'Página Inicial'!A1",CHOOSE(MATCH(Config!$B$2,{"PT";"EN"},0),"► Intro (9)","► Intro (9)"))
A22: Seleções | B22: =HYPERLINK("#'Seleções'!A1",CHOOSE(MATCH(Config!$B$2,{"PT";"EN"},0),"► Equipas","► Teams"))
A23: Museu FIFA | B23: =HYPERLINK("#'Museu FIFA'!A1",CHOOSE(MATCH(Config!$B$2,{"PT";"EN"},0),"► Museu FIFA","► FIFA Museum"))
A24: Coca-Cola | B24: =HYPERLINK("#'Coca-Cola'!A1",CHOOSE(MATCH(Config!$B$2,{"PT";"EN"},0),"► Coca-Cola","► Coca-Cola"))
A25: Extras | B25: =HYPERLINK("#'Extras'!A1",CHOOSE(MATCH(Config!$B$2,{"PT";"EN"},0),"► Extras","► Extras"))
A26: Por seleção | B26: =HYPERLINK("#'Por seleção'!A1",CHOOSE(MATCH(Config!$B$2,{"PT";"EN"},0),"► Por país","► By nation"))
A27: Pacotes | B27: =HYPERLINK("#'Pacotes'!A1",CHOOSE(MATCH(Config!$B$2,{"PT";"EN"},0),"► Pacotes","► Packs"))
A28: Estatísticas | B28: =HYPERLINK("#'Estatísticas'!A1",CHOOSE(MATCH(Config!$B$2,{"PT";"EN"},0),"► Estatísticas","► Statistics"))
A29: Siglas | B29: =HYPERLINK("#'Siglas'!A1",CHOOSE(MATCH(Config!$B$2,{"PT";"EN"},0),"► Siglas","► Codes"))
A30: Grupos | B30: =HYPERLINK("#'Grupos'!A1",CHOOSE(MATCH(Config!$B$2,{"PT";"EN"},0),"► Grupos","► Groups"))
A31: Todas (980) | B31: =HYPERLINK("#'Todas (980)'!A1",CHOOSE(MATCH(Config!$B$2,{"PT";"EN"},0),"► Lista 980","► Master 980"))
A32: Config | B32: =HYPERLINK("#'Config'!A1",CHOOSE(MATCH(Config!$B$2,{"PT";"EN"},0),"► Idioma","► Language"))
A34: =CHOOSE(MATCH(Config!$B$2,{"PT";"EN"},0),"Legenda · Status","Legend · Status")
A35: =CHOOSE(MATCH(Config!$B$2,{"PT";"EN"},0),"Ver também colunas em inglês nos cabeçalhos.","Headers use English keys for stable formulas.")

Sheet Dashboard
A1: =CHOOSE(MATCH(Config!$B$2,{"PT";"EN"},0),"Painel da coleção","Collection dashboard")
A3: =CHOOSE(MATCH(Config!$B$2,{"PT";"EN"},0),"Dados das folhas de cromos (coluna Status). Idioma dos textos: Config · B2 (lista em G1:G2).","Numbers come from sticker sheets («Status» column). UI language: Config · B2 (see G1:G2).")
B5: =CHOOSE(MATCH(Config!$B$2,{"PT";"EN"},0),"Álbum base","Base album") | E5: =CHOOSE(MATCH(Config!$B$2,{"PT";"EN"},0),"Faltam","Missing") | H5: =CHOOSE(MATCH(Config!$B$2,{"PT";"EN"},0),"% Completo","% Done") | K5: Coca-Cola | N5: Extras | Q5: =CHOOSE(MATCH(Config!$B$2,{"PT";"EN"},0),"Duplicatas","Duplicates")
B6: ='Estatísticas'!C7&" / "&'Estatísticas'!B7 | E6: ='Estatísticas'!E7 | H6: ='Estatísticas'!D7 | K6: =COUNTIF(tblCocaCola[Status],"Sim")+COUNTIF(tblCocaCola[Status],"Yes")&" / "&12 | N6: =COUNTIF(tblExtras[Status],"Sim")+COUNTIF(tblExtras[Status],"Yes")&" / "&20 | Q6: =SUM(tblPaginaInicial[Dup])+SUM(tblSelecoes[Dup])+SUM(tblMuseu[Dup])+SUM(tblCocaCola[Dup])+SUM(tblExtras[Dup])
B8: =CHOOSE(MATCH(Config!$B$2,{"PT";"EN"},0),"Precisa troca","Need swap") | E8: =CHOOSE(MATCH(Config!$B$2,{"PT";"EN"},0),"FOIL OK","FOIL OK") | H8: =CHOOSE(MATCH(Config!$B$2,{"PT";"EN"},0),"Equipas fechadas","Nations done") | K8: =CHOOSE(MATCH(Config!$B$2,{"PT";"EN"},0),"Hoje","Today")
B9: =COUNTIF(tblPaginaInicial[Status],"Falta trocar")+COUNTIF(tblPaginaInicial[Status],"Need swap")+COUNTIF(tblSelecoes[Status],"Falta trocar")+COUNTIF(tblSelecoes[Status],"Need swap")+COUNTIF(tblMuseu[Status],"Falta trocar")+COUNTIF(tblMuseu[Status],"Need swap") | E9: =SUMPRODUCT((tblPaginaInicial[Type]="FOIL")*((tblPaginaInicial[Status]="Sim")+(tblPaginaInicial[Status]="Yes")))+SUMPRODUCT((tblSelecoes[Type]="FOIL")*((tblSelecoes[Status]="Sim")+(tblSelecoes[Status]="Yes")))+SUMPRODUCT((tblMuseu[Type]="FOIL")*((tblMuseu[Status]="Sim")+(tblMuseu[Status]="Yes"))) | H9: =COUNTIF(tblPorSelecao[Left],0) | K9: =TODAY()
U40: =CHOOSE(MATCH(Config!$B$2,{"PT";"EN"},0),"Coladas","Collected") | V40: ='Estatísticas'!C7
U41: =CHOOSE(MATCH(Config!$B$2,{"PT";"EN"},0),"Faltam","Missing") | V41: ='Estatísticas'!E7
B42: =CHOOSE(MATCH(Config!$B$2,{"PT";"EN"},0),"Por seleção: barra por país. Pacotes não entram nos totais.","By nation: progress bars. Packs sheet does not affect totals.")

Sheet Página Inicial
A1: Idx | B1: Code | C1: Sticker | D1: Type | E1: Status | F1: Dup
A2: 1 | B2: 00 | C2: Panini Logo FOIL | D2: FOIL | F2: 0
A3: 2 | B3: FWC1 | C3: Official Emblem FOIL | D3: FOIL | F3: 0
A4: 3 | B4: FWC2 | C4: Official Emblem FOIL | D4: FOIL | F4: 0
A5: 4 | B5: FWC3 | C5: Official Mascots FOIL | D5: FOIL | F5: 0
A6: 5 | B6: FWC4 | C6: Official Slogan FOIL | D6: FOIL | F6: 0
A7: 6 | B7: FWC5 | C7: Official Ball FOIL | D7: FOIL | F7: 0
A8: 7 | B8: FWC6 | C8: Canada - Host Countries & Cities FOIL | D8: FOIL | F8: 0
A9: 8 | B9: FWC7 | C9: Mexico - Host Countries & Cities FOIL | D9: FOIL | F9: 0
A10: 9 | B10: FWC8 | C10: USA - Host Countries & Cities FOIL | D10: FOIL | F10: 0

Sheet Seleções
A1: Group | B1: Abbr | C1: Nation | D1: Idx | E1: Code | F1: Sticker | G1: Type | H1: Status | I1: Dup
A2: Grupo A | B2: MEX | C2: Mexico | D2: 1 | E2: MEX1 | F2: Team Logo - Mexico FOIL | G2: FOIL | I2: 0
A3: Grupo A | B3: MEX | C3: Mexico | D3: 2 | E3: MEX2 | F3: Luis Malagón - Mexico | G3: Base | I3: 0
A4: Grupo A | B4: MEX | C4: Mexico | D4: 3 | E4: MEX3 | F4: Johan Vasquez - Mexico | G4: Base | I4: 0
A5: Grupo A | B5: MEX | C5: Mexico | D5: 4 | E5: MEX4 | F5: Jorge Sánchez - Mexico | G5: Base | I5: 0
A6: Grupo A | B6: MEX | C6: Mexico | D6: 5 | E6: MEX5 | F6: Cesar Montes - Mexico | G6: Base | I6: 0
A7: Grupo A | B7: MEX | C7: Mexico | D7: 6 | E7: MEX6 | F7: Jesus Gallardo - Mexico | G7: Base | I7: 0
A8: Grupo A | B8: MEX | C8: Mexico | D8: 7 | E8: MEX7 | F8: Israel Reyes - Mexico | G8: Base | I8: 0
A9: Grupo A | B9: MEX | C9: Mexico | D9: 8 | E9: MEX8 | F9: Diego Lainez - Mexico | G9: Base | I9: 0
A10: Grupo A | B10: MEX | C10: Mexico | D10: 9 | E10: MEX9 | F10: Carlos Rodriguez - Mexico | G10: Base | I10: 0
A11: Grupo A | B11: MEX | C11: Mexico | D11: 10 | E11: MEX10 | F11: Edson Alvarez - Mexico | G11: Base | I11: 0
A12: Grupo A | B12: MEX | C12: Mexico | D12: 11 | E12: MEX11 | F12: Orbelin Pineda - Mexico | G12: Base | I12: 0
A13: Grupo A | B13: MEX | C13: Mexico | D13: 12 | E13: MEX12 | F13: Marcel Ruiz - Mexico | G13: Base | I13: 0
... A961: Grupo L | B961: PAN | C961: Panama | D961: 20 | E961: PAN20 | F961: Alberto Quintero - Panama | G961: Base | I961: 0

Sheet Museu FIFA
A1: Idx | B1: Code | C1: Sticker | D1: Type | E1: Status | F1: Dup
A2: 1 | B2: FWC9 | C2: Italy 1934 - FIFA Museum FOIL | D2: FOIL | F2: 0
A3: 2 | B3: FWC10 | C3: Uruguay 1950 - FIFA Museum FOIL | D3: FOIL | F3: 0
A4: 3 | B4: FWC11 | C4: West Germany 1954 - FIFA Museum FOIL | D4: FOIL | F4: 0
A5: 4 | B5: FWC12 | C5: Brazil 1962 - FIFA Museum FOIL | D5: FOIL | F5: 0
A6: 5 | B6: FWC13 | C6: West Germany 1974 - FIFA Museum FOIL | D6: FOIL | F6: 0
A7: 6 | B7: FWC14 | C7: Argentina 1986 - FIFA Museum FOIL | D7: FOIL | F7: 0
A8: 7 | B8: FWC15 | C8: Brazil 1994 - FIFA Museum FOIL | D8: FOIL | F8: 0
A9: 8 | B9: FWC16 | C9: Brazil 2002 - FIFA Museum FOIL | D9: FOIL | F9: 0
A10: 9 | B10: FWC17 | C10: Italy 2006 - FIFA Museum FOIL | D10: FOIL | F10: 0
A11: 10 | B11: FWC18 | C11: Germany 2014 - FIFA Museum FOIL | D11: FOIL | F11: 0
A12: 11 | B12: FWC19 | C12: Argentina 2022 - FIFA Museum FOIL | D12: FOIL | F12: 0

Sheet Coca-Cola
A1: Promo | B1: Player | C1: Nation | D1: Source | E1: Status | F1: Dup
A2: 1 | B2: Lamine Yamal | C2: Espanha | D2: =CHOOSE(MATCH(Config!$B$2,{"PT";"EN"},0),"Rótulo EUA","USA label") | F2: 0
A3: 2 | B3: Joshua Kimmich | C3: Alemanha | D3: =CHOOSE(MATCH(Config!$B$2,{"PT";"EN"},0),"Rótulo EUA","USA label") | F3: 0
A4: 3 | B4: Harry Kane | C4: Inglaterra | D4: =CHOOSE(MATCH(Config!$B$2,{"PT";"EN"},0),"Rótulo EUA","USA label") | F4: 0
A5: 4 | B5: Santiago Giménez | C5: México | D5: =CHOOSE(MATCH(Config!$B$2,{"PT";"EN"},0),"Rótulo EUA","USA label") | F5: 0
A6: 5 | B6: Antonee Robinson | C6: Estados Unidos | D6: =CHOOSE(MATCH(Config!$B$2,{"PT";"EN"},0),"Rótulo EUA","USA label") | F6: 0
A7: 6 | B7: Jefferson Lerma | C7: Colômbia | D7: =CHOOSE(MATCH(Config!$B$2,{"PT";"EN"},0),"Rótulo EUA","USA label") | F7: 0
A8: 7 | B8: Edson Álvarez | C8: México | D8: =CHOOSE(MATCH(Config!$B$2,{"PT";"EN"},0),"Rótulo EUA","USA label") | F8: 0
A9: 8 | B9: Virgil van Dijk | C9: Países Baixos | D9: =CHOOSE(MATCH(Config!$B$2,{"PT";"EN"},0),"Rótulo EUA","USA label") | F9: 0
A10: 9 | B10: Alphonso Davies | C10: Canadá | D10: =CHOOSE(MATCH(Config!$B$2,{"PT";"EN"},0),"Rótulo EUA","USA label") | F10: 0
A11: 10 | B11: Weston McKennie | C11: Estados Unidos | D11: =CHOOSE(MATCH(Config!$B$2,{"PT";"EN"},0),"Rótulo EUA","USA label") | F11: 0
A12: 11 | B12: Lautaro Martínez | C12: Argentina | D12: =CHOOSE(MATCH(Config!$B$2,{"PT";"EN"},0),"Rótulo EUA","USA label") | F12: 0
A13: 12 | B13: Gabriel Magalhães | C13: Brasil | D13: =CHOOSE(MATCH(Config!$B$2,{"PT";"EN"},0),"Rótulo EUA","USA label") | F13: 0

Sheet Extras
A1: Idx | B1: Player | C1: Nation | D1: Notes | E1: Status | F1: Dup
A2: 1 | B2: Achraf Hakimi | C2: Marrocos | D2: =CHOOSE(MATCH(Config!$B$2,{"PT";"EN"},0),"Extra internacional","International extra") | F2: 0
A3: 2 | B3: Alphonso Davies | C3: Canadá | D3: =CHOOSE(MATCH(Config!$B$2,{"PT";"EN"},0),"Extra internacional","International extra") | F3: 0
A4: 3 | B4: Christian Pulisic | C4: Estados Unidos | D4: =CHOOSE(MATCH(Config!$B$2,{"PT";"EN"},0),"Extra internacional","International extra") | F4: 0
A5: 4 | B5: Cody Gakpo | C5: Países Baixos | D5: =CHOOSE(MATCH(Config!$B$2,{"PT";"EN"},0),"Extra internacional","International extra") | F5: 0
A6: 5 | B6: Cristiano Ronaldo | C6: Portugal | D6: =CHOOSE(MATCH(Config!$B$2,{"PT";"EN"},0),"Extra internacional","International extra") | F6: 0
A7: 6 | B7: Erling Haaland | C7: Noruega | D7: =CHOOSE(MATCH(Config!$B$2,{"PT";"EN"},0),"Extra internacional","International extra") | F7: 0
A8: 7 | B8: Federico Valverde | C8: Uruguai | D8: =CHOOSE(MATCH(Config!$B$2,{"PT";"EN"},0),"Extra internacional","International extra") | F8: 0
A9: 8 | B9: Florian Wirtz | C9: Alemanha | D9: =CHOOSE(MATCH(Config!$B$2,{"PT";"EN"},0),"Extra internacional","International extra") | F9: 0
A10: 9 | B10: Heung-min Son | C10: Coreia do Sul | D10: =CHOOSE(MATCH(Config!$B$2,{"PT";"EN"},0),"Extra internacional","International extra") | F10: 0
A11: 10 | B11: Jérémy Doku | C11: Bélgica | D11: =CHOOSE(MATCH(Config!$B$2,{"PT";"EN"},0),"Extra internacional","International extra") | F11: 0
A12: 11 | B12: Jude Bellingham | C12: Inglaterra | D12: =CHOOSE(MATCH(Config!$B$2,{"PT";"EN"},0),"Extra internacional","International extra") | F12: 0
A13: 12 | B13: Kylian Mbappé | C13: França | D13: =CHOOSE(MATCH(Config!$B$2,{"PT";"EN"},0),"Extra internacional","International extra") | F13: 0
... A21: 20 | B21: Vinícius Júnior | C21: Brasil | D21: =CHOOSE(MATCH(Config!$B$2,{"PT";"EN"},0),"Extra internacional","International extra") | F21: 0

Sheet Siglas
A1: FIFA | B1: Country | C1: Group | D1: Stickers | E1: Obs
A2: MEX | B2: Mexico | C2: Grupo A | D2: 20
A3: RSA | B3: South Africa | C3: Grupo A | D3: 20
A4: KOR | B4: South Korea | C4: Grupo A | D4: 20
A5: CZE | B5: Czechia | C5: Grupo A | D5: 20
A6: CAN | B6: Canada | C6: Grupo B | D6: 20
A7: BIH | B7: Bosnia and Herzegovina | C7: Grupo B | D7: 20
A8: QAT | B8: Qatar | C8: Grupo B | D8: 20
A9: SUI | B9: Switzerland | C9: Grupo B | D9: 20
A10: BRA | B10: Brazil | C10: Grupo C | D10: 20
A11: MAR | B11: Morocco | C11: Grupo C | D11: 20
A12: HAI | B12: Haiti | C12: Grupo C | D12: 20
A13: SCO | B13: Scotland | C13: Grupo C | D13: 20
... A49: PAN | B49: Panama | C49: Grupo L | D49: 20

Sheet Grupos
A1: Group | B1: T1 | C1: T2 | D1: T3 | E1: T4
A2: Grupo A | B2: Mexico (MEX) | C2: South Africa (RSA) | D2: South Korea (KOR) | E2: Czechia (CZE)
A3: Grupo B | B3: Canada (CAN) | C3: Bosnia and Herzegovina (BIH) | D3: Qatar (QAT) | E3: Switzerland (SUI)
A4: Grupo C | B4: Brazil (BRA) | C4: Morocco (MAR) | D4: Haiti (HAI) | E4: Scotland (SCO)
A5: Grupo D | B5: USA (USA) | C5: Paraguay (PAR) | D5: Australia (AUS) | E5: Türkiye (TUR)
A6: Grupo E | B6: Germany (GER) | C6: Curaçao (CUW) | D6: Ivory Coast (CIV) | E6: Ecuador (ECU)
A7: Grupo F | B7: Netherlands (NED) | C7: Japan (JPN) | D7: Sweden (SWE) | E7: Tunisia (TUN)
A8: Grupo G | B8: Belgium (BEL) | C8: Egypt (EGY) | D8: Iran (IRN) | E8: New Zealand (NZL)
A9: Grupo H | B9: Spain (ESP) | C9: Cape Verde (CPV) | D9: Saudi Arabia (KSA) | E9: Uruguay (URU)
A10: Grupo I | B10: France (FRA) | C10: Senegal (SEN) | D10: Iraq (IRQ) | E10: Norway (NOR)
A11: Grupo J | B11: Argentina (ARG) | C11: Algeria (ALG) | D11: Austria (AUT) | E11: Jordan (JOR)
A12: Grupo K | B12: Portugal (POR) | C12: Congo DR (COD) | D12: Uzbekistan (UZB) | E12: Colombia (COL)
A13: Grupo L | B13: England (ENG) | C13: Croatia (CRO) | D13: Ghana (GHA) | E13: Panama (PAN)

Sheet Todas (980)
A1: Section | B1: Group | C1: Abbr | D1: Nation | E1: Code | F1: Sticker | G1: Type | H1: Status | I1: Dup
A2: =CHOOSE(MATCH(Config!$B$2,{"PT";"EN"},0),"Página inicial","Intro") | E2: 00 | F2: Panini Logo FOIL | G2: FOIL | I2: 0
A3: =CHOOSE(MATCH(Config!$B$2,{"PT";"EN"},0),"Página inicial","Intro") | E3: FWC1 | F3: Official Emblem FOIL | G3: FOIL | I3: 0
A4: =CHOOSE(MATCH(Config!$B$2,{"PT";"EN"},0),"Página inicial","Intro") | E4: FWC2 | F4: Official Emblem FOIL | G4: FOIL | I4: 0
A5: =CHOOSE(MATCH(Config!$B$2,{"PT";"EN"},0),"Página inicial","Intro") | E5: FWC3 | F5: Official Mascots FOIL | G5: FOIL | I5: 0
A6: =CHOOSE(MATCH(Config!$B$2,{"PT";"EN"},0),"Página inicial","Intro") | E6: FWC4 | F6: Official Slogan FOIL | G6: FOIL | I6: 0
A7: =CHOOSE(MATCH(Config!$B$2,{"PT";"EN"},0),"Página inicial","Intro") | E7: FWC5 | F7: Official Ball FOIL | G7: FOIL | I7: 0
A8: =CHOOSE(MATCH(Config!$B$2,{"PT";"EN"},0),"Página inicial","Intro") | E8: FWC6 | F8: Canada - Host Countries & Cities FOIL | G8: FOIL | I8: 0
A9: =CHOOSE(MATCH(Config!$B$2,{"PT";"EN"},0),"Página inicial","Intro") | E9: FWC7 | F9: Mexico - Host Countries & Cities FOIL | G9: FOIL | I9: 0
A10: =CHOOSE(MATCH(Config!$B$2,{"PT";"EN"},0),"Página inicial","Intro") | E10: FWC8 | F10: USA - Host Countries & Cities FOIL | G10: FOIL | I10: 0
A11: =CHOOSE(MATCH(Config!$B$2,{"PT";"EN"},0),"Seleção","Team") | B11: Grupo A | C11: MEX | D11: Mexico | E11: MEX1 | F11: Team Logo - Mexico FOIL | G11: FOIL | I11: 0
A12: =CHOOSE(MATCH(Config!$B$2,{"PT";"EN"},0),"Seleção","Team") | B12: Grupo A | C12: MEX | D12: Mexico | E12: MEX2 | F12: Luis Malagón - Mexico | G12: Base | I12: 0
A13: =CHOOSE(MATCH(Config!$B$2,{"PT";"EN"},0),"Seleção","Team") | B13: Grupo A | C13: MEX | D13: Mexico | E13: MEX3 | F13: Johan Vasquez - Mexico | G13: Base | I13: 0
A14: =CHOOSE(MATCH(Config!$B$2,{"PT";"EN"},0),"Seleção","Team") | B14: Grupo A | C14: MEX | D14: Mexico | E14: MEX4 | F14: Jorge Sánchez - Mexico | G14: Base | I14: 0
A15: =CHOOSE(MATCH(Config!$B$2,{"PT";"EN"},0),"Seleção","Team") | B15: Grupo A | C15: MEX | D15: Mexico | E15: MEX5 | F15: Cesar Montes - Mexico | G15: Base | I15: 0
A16: =CHOOSE(MATCH(Config!$B$2,{"PT";"EN"},0),"Seleção","Team") | B16: Grupo A | C16: MEX | D16: Mexico | E16: MEX6 | F16: Jesus Gallardo - Mexico | G16: Base | I16: 0
A17: =CHOOSE(MATCH(Config!$B$2,{"PT";"EN"},0),"Seleção","Team") | B17: Grupo A | C17: MEX | D17: Mexico | E17: MEX7 | F17: Israel Reyes - Mexico | G17: Base | I17: 0
A18: =CHOOSE(MATCH(Config!$B$2,{"PT";"EN"},0),"Seleção","Team") | B18: Grupo A | C18: MEX | D18: Mexico | E18: MEX8 | F18: Diego Lainez - Mexico | G18: Base | I18: 0
A19: =CHOOSE(MATCH(Config!$B$2,{"PT";"EN"},0),"Seleção","Team") | B19: Grupo A | C19: MEX | D19: Mexico | E19: MEX9 | F19: Carlos Rodriguez - Mexico | G19: Base | I19: 0
A20: =CHOOSE(MATCH(Config!$B$2,{"PT";"EN"},0),"Seleção","Team") | B20: Grupo A | C20: MEX | D20: Mexico | E20: MEX10 | F20: Edson Alvarez - Mexico | G20: Base | I20: 0
A21: =CHOOSE(MATCH(Config!$B$2,{"PT";"EN"},0),"Seleção","Team") | B21: Grupo A | C21: MEX | D21: Mexico | E21: MEX11 | F21: Orbelin Pineda - Mexico | G21: Base | I21: 0
A22: =CHOOSE(MATCH(Config!$B$2,{"PT";"EN"},0),"Seleção","Team") | B22: Grupo A | C22: MEX | D22: Mexico | E22: MEX12 | F22: Marcel Ruiz - Mexico | G22: Base | I22: 0
... A970: =CHOOSE(MATCH(Config!$B$2,{"PT";"EN"},0),"Seleção","Team") | B970: Grupo L | C970: PAN | D970: Panama | E970: PAN20 | F970: Alberto Quintero - Panama | G970: Base | I970: 0
A971: =CHOOSE(MATCH(Config!$B$2,{"PT";"EN"},0),"Museu FIFA","FIFA Museum") | E971: FWC9 | F971: Italy 1934 - FIFA Museum FOIL | G971: FOIL | I971: 0
A972: =CHOOSE(MATCH(Config!$B$2,{"PT";"EN"},0),"Museu FIFA","FIFA Museum") | E972: FWC10 | F972: Uruguay 1950 - FIFA Museum FOIL | G972: FOIL | I972: 0
A973: =CHOOSE(MATCH(Config!$B$2,{"PT";"EN"},0),"Museu FIFA","FIFA Museum") | E973: FWC11 | F973: West Germany 1954 - FIFA Museum FOIL | G973: FOIL | I973: 0
A974: =CHOOSE(MATCH(Config!$B$2,{"PT";"EN"},0),"Museu FIFA","FIFA Museum") | E974: FWC12 | F974: Brazil 1962 - FIFA Museum FOIL | G974: FOIL | I974: 0
A975: =CHOOSE(MATCH(Config!$B$2,{"PT";"EN"},0),"Museu FIFA","FIFA Museum") | E975: FWC13 | F975: West Germany 1974 - FIFA Museum FOIL | G975: FOIL | I975: 0
A976: =CHOOSE(MATCH(Config!$B$2,{"PT";"EN"},0),"Museu FIFA","FIFA Museum") | E976: FWC14 | F976: Argentina 1986 - FIFA Museum FOIL | G976: FOIL | I976: 0
A977: =CHOOSE(MATCH(Config!$B$2,{"PT";"EN"},0),"Museu FIFA","FIFA Museum") | E977: FWC15 | F977: Brazil 1994 - FIFA Museum FOIL | G977: FOIL | I977: 0
A978: =CHOOSE(MATCH(Config!$B$2,{"PT";"EN"},0),"Museu FIFA","FIFA Museum") | E978: FWC16 | F978: Brazil 2002 - FIFA Museum FOIL | G978: FOIL | I978: 0
A979: =CHOOSE(MATCH(Config!$B$2,{"PT";"EN"},0),"Museu FIFA","FIFA Museum") | E979: FWC17 | F979: Italy 2006 - FIFA Museum FOIL | G979: FOIL | I979: 0
A980: =CHOOSE(MATCH(Config!$B$2,{"PT";"EN"},0),"Museu FIFA","FIFA Museum") | E980: FWC18 | F980: Germany 2014 - FIFA Museum FOIL | G980: FOIL | I980: 0
A981: =CHOOSE(MATCH(Config!$B$2,{"PT";"EN"},0),"Museu FIFA","FIFA Museum") | E981: FWC19 | F981: Argentina 2022 - FIFA Museum FOIL | G981: FOIL | I981: 0

Sheet Por seleção
A1: Idx | B1: Nation | C1: Abbr | D1: Group | E1: Goal | F1: Got | G1: Pct | H1: Prog | I1: Left
A2: 1 | B2: Mexico | C2: MEX | D2: Grupo A | E2: 20 | F2: =SUM(COUNTIFS(tblSelecoes[Abbr],C2,tblSelecoes[Status],"Sim"),COUNTIFS(tblSelecoes[Abbr],C2,tblSelecoes[Status],"Yes")) | G2: =IF(E2>0,F2/E2,0) | H2: =REPT("█",MIN(14,MAX(0,ROUND(G2*14,0))))&REPT("░",14-MIN(14,MAX(0,ROUND(G2*14,0)))) | I2: =E2-F2
A3: 2 | B3: South Africa | C3: RSA | D3: Grupo A | E3: 20 | F3: =SUM(COUNTIFS(tblSelecoes[Abbr],C3,tblSelecoes[Status],"Sim"),COUNTIFS(tblSelecoes[Abbr],C3,tblSelecoes[Status],"Yes")) | G3: =IF(E3>0,F3/E3,0) | H3: =REPT("█",MIN(14,MAX(0,ROUND(G3*14,0))))&REPT("░",14-MIN(14,MAX(0,ROUND(G3*14,0)))) | I3: =E3-F3
A4: 3 | B4: South Korea | C4: KOR | D4: Grupo A | E4: 20 | F4: =SUM(COUNTIFS(tblSelecoes[Abbr],C4,tblSelecoes[Status],"Sim"),COUNTIFS(tblSelecoes[Abbr],C4,tblSelecoes[Status],"Yes")) | G4: =IF(E4>0,F4/E4,0) | H4: =REPT("█",MIN(14,MAX(0,ROUND(G4*14,0))))&REPT("░",14-MIN(14,MAX(0,ROUND(G4*14,0)))) | I4: =E4-F4
A5: 4 | B5: Czechia | C5: CZE | D5: Grupo A | E5: 20 | F5: =SUM(COUNTIFS(tblSelecoes[Abbr],C5,tblSelecoes[Status],"Sim"),COUNTIFS(tblSelecoes[Abbr],C5,tblSelecoes[Status],"Yes")) | G5: =IF(E5>0,F5/E5,0) | H5: =REPT("█",MIN(14,MAX(0,ROUND(G5*14,0))))&REPT("░",14-MIN(14,MAX(0,ROUND(G5*14,0)))) | I5: =E5-F5
A6: 5 | B6: Canada | C6: CAN | D6: Grupo B | E6: 20 | F6: =SUM(COUNTIFS(tblSelecoes[Abbr],C6,tblSelecoes[Status],"Sim"),COUNTIFS(tblSelecoes[Abbr],C6,tblSelecoes[Status],"Yes")) | G6: =IF(E6>0,F6/E6,0) | H6: =REPT("█",MIN(14,MAX(0,ROUND(G6*14,0))))&REPT("░",14-MIN(14,MAX(0,ROUND(G6*14,0)))) | I6: =E6-F6
A7: 6 | B7: Bosnia and Herzegovina | C7: BIH | D7: Grupo B | E7: 20 | F7: =SUM(COUNTIFS(tblSelecoes[Abbr],C7,tblSelecoes[Status],"Sim"),COUNTIFS(tblSelecoes[Abbr],C7,tblSelecoes[Status],"Yes")) | G7: =IF(E7>0,F7/E7,0) | H7: =REPT("█",MIN(14,MAX(0,ROUND(G7*14,0))))&REPT("░",14-MIN(14,MAX(0,ROUND(G7*14,0)))) | I7: =E7-F7
A8: 7 | B8: Qatar | C8: QAT | D8: Grupo B | E8: 20 | F8: =SUM(COUNTIFS(tblSelecoes[Abbr],C8,tblSelecoes[Status],"Sim"),COUNTIFS(tblSelecoes[Abbr],C8,tblSelecoes[Status],"Yes")) | G8: =IF(E8>0,F8/E8,0) | H8: =REPT("█",MIN(14,MAX(0,ROUND(G8*14,0))))&REPT("░",14-MIN(14,MAX(0,ROUND(G8*14,0)))) | I8: =E8-F8
A9: 8 | B9: Switzerland | C9: SUI | D9: Grupo B | E9: 20 | F9: =SUM(COUNTIFS(tblSelecoes[Abbr],C9,tblSelecoes[Status],"Sim"),COUNTIFS(tblSelecoes[Abbr],C9,tblSelecoes[Status],"Yes")) | G9: =IF(E9>0,F9/E9,0) | H9: =REPT("█",MIN(14,MAX(0,ROUND(G9*14,0))))&REPT("░",14-MIN(14,MAX(0,ROUND(G9*14,0)))) | I9: =E9-F9
A10: 9 | B10: Brazil | C10: BRA | D10: Grupo C | E10: 20 | F10: =SUM(COUNTIFS(tblSelecoes[Abbr],C10,tblSelecoes[Status],"Sim"),COUNTIFS(tblSelecoes[Abbr],C10,tblSelecoes[Status],"Yes")) | G10: =IF(E10>0,F10/E10,0) | H10: =REPT("█",MIN(14,MAX(0,ROUND(G10*14,0))))&REPT("░",14-MIN(14,MAX(0,ROUND(G10*14,0)))) | I10: =E10-F10
A11: 10 | B11: Morocco | C11: MAR | D11: Grupo C | E11: 20 | F11: =SUM(COUNTIFS(tblSelecoes[Abbr],C11,tblSelecoes[Status],"Sim"),COUNTIFS(tblSelecoes[Abbr],C11,tblSelecoes[Status],"Yes")) | G11: =IF(E11>0,F11/E11,0) | H11: =REPT("█",MIN(14,MAX(0,ROUND(G11*14,0))))&REPT("░",14-MIN(14,MAX(0,ROUND(G11*14,0)))) | I11: =E11-F11
A12: 11 | B12: Haiti | C12: HAI | D12: Grupo C | E12: 20 | F12: =SUM(COUNTIFS(tblSelecoes[Abbr],C12,tblSelecoes[Status],"Sim"),COUNTIFS(tblSelecoes[Abbr],C12,tblSelecoes[Status],"Yes")) | G12: =IF(E12>0,F12/E12,0) | H12: =REPT("█",MIN(14,MAX(0,ROUND(G12*14,0))))&REPT("░",14-MIN(14,MAX(0,ROUND(G12*14,0)))) | I12: =E12-F12
A13: 12 | B13: Scotland | C13: SCO | D13: Grupo C | E13: 20 | F13: =SUM(COUNTIFS(tblSelecoes[Abbr],C13,tblSelecoes[Status],"Sim"),COUNTIFS(tblSelecoes[Abbr],C13,tblSelecoes[Status],"Yes")) | G13: =IF(E13>0,F13/E13,0) | H13: =REPT("█",MIN(14,MAX(0,ROUND(G13*14,0))))&REPT("░",14-MIN(14,MAX(0,ROUND(G13*14,0)))) | I13: =E13-F13
... A49: 48 | B49: Panama | C49: PAN | D49: Grupo L | E49: 20 | F49: =SUM(COUNTIFS(tblSelecoes[Abbr],C49,tblSelecoes[Status],"Sim"),COUNTIFS(tblSelecoes[Abbr],C49,tblSelecoes[Status],"Yes")) | G49: =IF(E49>0,F49/E49,0) | H49: =REPT("█",MIN(14,MAX(0,ROUND(G49*14,0))))&REPT("░",14-MIN(14,MAX(0,ROUND(G49*14,0)))) | I49: =E49-F49

Sheet Pacotes
A1: Date | B1: PacksOpen | C1: NewEst | D1: Notes

Sheet Estatísticas
A1: =CHOOSE(MATCH(Config!$B$2,{"PT";"EN"},0),"Panini WC 2026 · Motor","Panini WC 2026 · Analytics")
A3: =CHOOSE(MATCH(Config!$B$2,{"PT";"EN"},0),"Secção","Section") | B3: =CHOOSE(MATCH(Config!$B$2,{"PT";"EN"},0),"Meta","Goal") | C3: =CHOOSE(MATCH(Config!$B$2,{"PT";"EN"},0),"Com OK","Got") | D3: % | E3: =CHOOSE(MATCH(Config!$B$2,{"PT";"EN"},0),"Faltam","Missing")
A4: =CHOOSE(MATCH(Config!$B$2,{"PT";"EN"},0),"Página inicial","Intro") | B4: 9 | C4: =COUNTIF(tblPaginaInicial[Status],"Sim")+COUNTIF(tblPaginaInicial[Status],"Yes") | D4: =IF(B4>0,C4/B4,0) | E4: =B4-C4
A5: =CHOOSE(MATCH(Config!$B$2,{"PT";"EN"},0),"Seleções","Teams") | B5: 960 | C5: =COUNTIF(tblSelecoes[Status],"Sim")+COUNTIF(tblSelecoes[Status],"Yes") | D5: =IF(B5>0,C5/B5,0) | E5: =B5-C5
A6: =CHOOSE(MATCH(Config!$B$2,{"PT";"EN"},0),"Museu FIFA","Museum") | B6: 11 | C6: =COUNTIF(tblMuseu[Status],"Sim")+COUNTIF(tblMuseu[Status],"Yes") | D6: =IF(B6>0,C6/B6,0) | E6: =B6-C6
A7: =CHOOSE(MATCH(Config!$B$2,{"PT";"EN"},0),"ÁLBUM BASE","BASE ALBUM") | B7: 980 | C7: =COUNTIF(tblPaginaInicial[Status],"Sim")+COUNTIF(tblPaginaInicial[Status],"Yes")+COUNTIF(tblSelecoes[Status],"Sim")+COUNTIF(tblSelecoes[Status],"Yes")+COUNTIF(tblMuseu[Status],"Sim")+COUNTIF(tblMuseu[Status],"Yes") | D7: =IF(B7>0,C7/B7,0) | E7: =B7-C7
A9: =CHOOSE(MATCH(Config!$B$2,{"PT";"EN"},0),"Promos & extras","Promos & extras")
A10: =CHOOSE(MATCH(Config!$B$2,{"PT";"EN"},0),"Item","Item") | B10: =CHOOSE(MATCH(Config!$B$2,{"PT";"EN"},0),"Meta","Goal") | C10: =CHOOSE(MATCH(Config!$B$2,{"PT";"EN"},0),"Com OK","Got") | D10: %
A11: Coca-Cola | B11: 12 | C11: =COUNTIF(tblCocaCola[Status],"Sim")+COUNTIF(tblCocaCola[Status],"Yes") | D11: =IF(B11>0,C11/B11,0)
A12: =CHOOSE(MATCH(Config!$B$2,{"PT";"EN"},0),"Extras intl.","Intl. extras") | B12: 20 | C12: =COUNTIF(tblExtras[Status],"Sim")+COUNTIF(tblExtras[Status],"Yes") | D12: =IF(B12>0,C12/B12,0)
A15: =CHOOSE(MATCH(Config!$B$2,{"PT";"EN"},0),"FOIL vs Base","FOIL vs Base")
A16: FOIL | B16: =SUMPRODUCT((tblPaginaInicial[Type]="FOIL")*((tblPaginaInicial[Status]="Sim")+(tblPaginaInicial[Status]="Yes")))+SUMPRODUCT((tblSelecoes[Type]="FOIL")*((tblSelecoes[Status]="Sim")+(tblSelecoes[Status]="Yes")))+SUMPRODUCT((tblMuseu[Type]="FOIL")*((tblMuseu[Status]="Sim")+(tblMuseu[Status]="Yes")))
A17: Base | B17: =SUMPRODUCT((tblPaginaInicial[Type]="Base")*((tblPaginaInicial[Status]="Sim")+(tblPaginaInicial[Status]="Yes")))+SUMPRODUCT((tblSelecoes[Type]="Base")*((tblSelecoes[Status]="Sim")+(tblSelecoes[Status]="Yes")))+SUMPRODUCT((tblMuseu[Type]="Base")*((tblMuseu[Status]="Sim")+(tblMuseu[Status]="Yes")))
A20: =CHOOSE(MATCH(Config!$B$2,{"PT";"EN"},0),"Por grupo","By group")
A21: Group | B21: Goal | C21: Got | D21: Pct | E21: Missing | F21: Bar | G21: Rank
A22: Grupo A | B22: 80 | C22: =SUM(COUNTIFS(tblSelecoes[Status],"Sim",tblSelecoes[Group],"Grupo A"),COUNTIFS(tblSelecoes[Status],"Yes",tblSelecoes[Group],"Grupo A")) | D22: =IF(B22>0,C22/B22,0) | E22: =B22-C22 | F22: =REPT("█",ROUND(D22*12,0))&REPT("·",12-ROUND(D22*12,0)) | G22: =RANK.EQ(D22,D$22:D$33,0)
A23: Grupo B | B23: 80 | C23: =SUM(COUNTIFS(tblSelecoes[Status],"Sim",tblSelecoes[Group],"Grupo B"),COUNTIFS(tblSelecoes[Status],"Yes",tblSelecoes[Group],"Grupo B")) | D23: =IF(B23>0,C23/B23,0) | E23: =B23-C23 | F23: =REPT("█",ROUND(D23*12,0))&REPT("·",12-ROUND(D23*12,0)) | G23: =RANK.EQ(D23,D$22:D$33,0)
A24: Grupo C | B24: 80 | C24: =SUM(COUNTIFS(tblSelecoes[Status],"Sim",tblSelecoes[Group],"Grupo C"),COUNTIFS(tblSelecoes[Status],"Yes",tblSelecoes[Group],"Grupo C")) | D24: =IF(B24>0,C24/B24,0) | E24: =B24-C24 | F24: =REPT("█",ROUND(D24*12,0))&REPT("·",12-ROUND(D24*12,0)) | G24: =RANK.EQ(D24,D$22:D$33,0)
A25: Grupo D | B25: 80 | C25: =SUM(COUNTIFS(tblSelecoes[Status],"Sim",tblSelecoes[Group],"Grupo D"),COUNTIFS(tblSelecoes[Status],"Yes",tblSelecoes[Group],"Grupo D")) | D25: =IF(B25>0,C25/B25,0) | E25: =B25-C25 | F25: =REPT("█",ROUND(D25*12,0))&REPT("·",12-ROUND(D25*12,0)) | G25: =RANK.EQ(D25,D$22:D$33,0)
A26: Grupo E | B26: 80 | C26: =SUM(COUNTIFS(tblSelecoes[Status],"Sim",tblSelecoes[Group],"Grupo E"),COUNTIFS(tblSelecoes[Status],"Yes",tblSelecoes[Group],"Grupo E")) | D26: =IF(B26>0,C26/B26,0) | E26: =B26-C26 | F26: =REPT("█",ROUND(D26*12,0))&REPT("·",12-ROUND(D26*12,0)) | G26: =RANK.EQ(D26,D$22:D$33,0)
A27: Grupo F | B27: 80 | C27: =SUM(COUNTIFS(tblSelecoes[Status],"Sim",tblSelecoes[Group],"Grupo F"),COUNTIFS(tblSelecoes[Status],"Yes",tblSelecoes[Group],"Grupo F")) | D27: =IF(B27>0,C27/B27,0) | E27: =B27-C27 | F27: =REPT("█",ROUND(D27*12,0))&REPT("·",12-ROUND(D27*12,0)) | G27: =RANK.EQ(D27,D$22:D$33,0)
A28: Grupo G | B28: 80 | C28: =SUM(COUNTIFS(tblSelecoes[Status],"Sim",tblSelecoes[Group],"Grupo G"),COUNTIFS(tblSelecoes[Status],"Yes",tblSelecoes[Group],"Grupo G")) | D28: =IF(B28>0,C28/B28,0) | E28: =B28-C28 | F28: =REPT("█",ROUND(D28*12,0))&REPT("·",12-ROUND(D28*12,0)) | G28: =RANK.EQ(D28,D$22:D$33,0)
A29: Grupo H | B29: 80 | C29: =SUM(COUNTIFS(tblSelecoes[Status],"Sim",tblSelecoes[Group],"Grupo H"),COUNTIFS(tblSelecoes[Status],"Yes",tblSelecoes[Group],"Grupo H")) | D29: =IF(B29>0,C29/B29,0) | E29: =B29-C29 | F29: =REPT("█",ROUND(D29*12,0))&REPT("·",12-ROUND(D29*12,0)) | G29: =RANK.EQ(D29,D$22:D$33,0)
A30: Grupo I | B30: 80 | C30: =SUM(COUNTIFS(tblSelecoes[Status],"Sim",tblSelecoes[Group],"Grupo I"),COUNTIFS(tblSelecoes[Status],"Yes",tblSelecoes[Group],"Grupo I")) | D30: =IF(B30>0,C30/B30,0) | E30: =B30-C30 | F30: =REPT("█",ROUND(D30*12,0))&REPT("·",12-ROUND(D30*12,0)) | G30: =RANK.EQ(D30,D$22:D$33,0)
A31: Grupo J | B31: 80 | C31: =SUM(COUNTIFS(tblSelecoes[Status],"Sim",tblSelecoes[Group],"Grupo J"),COUNTIFS(tblSelecoes[Status],"Yes",tblSelecoes[Group],"Grupo J")) | D31: =IF(B31>0,C31/B31,0) | E31: =B31-C31 | F31: =REPT("█",ROUND(D31*12,0))&REPT("·",12-ROUND(D31*12,0)) | G31: =RANK.EQ(D31,D$22:D$33,0)
A32: Grupo K | B32: 80 | C32: =SUM(COUNTIFS(tblSelecoes[Status],"Sim",tblSelecoes[Group],"Grupo K"),COUNTIFS(tblSelecoes[Status],"Yes",tblSelecoes[Group],"Grupo K")) | D32: =IF(B32>0,C32/B32,0) | E32: =B32-C32 | F32: =REPT("█",ROUND(D32*12,0))&REPT("·",12-ROUND(D32*12,0)) | G32: =RANK.EQ(D32,D$22:D$33,0)
A33: Grupo L | B33: 80 | C33: =SUM(COUNTIFS(tblSelecoes[Status],"Sim",tblSelecoes[Group],"Grupo L"),COUNTIFS(tblSelecoes[Status],"Yes",tblSelecoes[Group],"Grupo L")) | D33: =IF(B33>0,C33/B33,0) | E33: =B33-C33 | F33: =REPT("█",ROUND(D33*12,0))&REPT("·",12-ROUND(D33*12,0)) | G33: =RANK.EQ(D33,D$22:D$33,0)
A36: =CHOOSE(MATCH(Config!$B$2,{"PT";"EN"},0),"Soma dup.","Dup sum") | B36: =SUM(tblPaginaInicial[Dup])+SUM(tblSelecoes[Dup])+SUM(tblMuseu[Dup])+SUM(tblCocaCola[Dup])+SUM(tblExtras[Dup])
